Unnamed: 0,text,class,thinking,label
2,"Ex Wife Threatening SuicideRecently I left my wife for good because she has cheated on me twice and lied to me so much that I have decided to refuse to go back to her. As of a few days ago, she began threatening suicide. I have tirelessly spent these paat few days talking her out of it and she keeps hesitating because she wants to believe I'll come back. I know a lot of people will threaten this in order to get their way, but what happens if she really does? What do I do and how am I supposed to handle her death on my hands? I still love my wife but I cannot deal with getting cheated on again and constantly feeling insecure. I'm worried today may be the day she does it and I hope so much it doesn't happen.",suicide,"Here's a thinking process to analyze the input text:

1.  **Analyze the Request and Role:**
    *   **Role:** Expert mental health research assistant.
    *   **Task:** Binary classification (""depression"" or ""non-depression"").
    *   **Goal:** Determine if the text exhibits markers of clinical depression or situational distress.
    *   **Output Format:** Detailed thinking process, followed by *only* the single word classification.

2.  **Analyze the Input Text (`<Input_text>`):**
    *   *Content Summary:* The speaker recently left his cheating wife. She is now threatening suicide. He has been actively intervening to talk her out of it. He is deeply conflicted: he still loves her, but he refuses to return due to repeated betrayal/insecurity. He is preoccupied with the risk of her actual death and how he would handle it. He is worried about her imminent self-harm.

3.  **Execute the Required Analysis Steps:**

    *   **1. Emotional Content:**
        *   *Primary Emotions:* Extreme anxiety/fear (about her suicide), conflicted love/attachment (still loves her), distress/anguish, desperation (desire for the threat to not come true).
        *   *Secondary Emotions:* Guilt/fear of responsibility (""handle her death on my hands""), uncertainty.

    *   **2. Symptom Check (Focusing on markers of clinical depression *in the speaker*):**
        *   *Anhedonia:* Not mentioned in the speaker (he is highly engaged in the crisis).
        *   *Hopelessness:* The speaker is showing moments of hope (that she *doesn't* die). The core struggle is external (her actions), not internal lack of purpose.
        *   *Sleep/Appetite Disturbances:* Not mentioned.
        *   *Persistent Low Mood:* Not the primary state; the state is acute anxiety/fear.
        *   *Suicidal Ideation (in the speaker):* None present.
        *   *Assessment:* The symptoms described are primarily rooted in relationship distress, panic, and crisis management, not core depressive symptomatology.

    *   **3. Behavioral Patterns:**
        *   *Behavior:* Active intervention (tirelessly spending days talking her out of it). Preoccupation/rumination (constant worry about her death). Emotional entanglement (being unable to fully sever the emotional tie).
        *   *Functionality:* While emotionally compromised, the speaker is *functioning* in the crisis—he is actively involved in saving her life. The pattern is one of distress and caregiving burden, not withdrawal or profound inability to function.

    *   **4. Conclusion:**
        *   The text describes an acute, high-stakes **situational crisis** involving suicidal ideation in a third party and deep relationship conflict.
        *   While the speaker is experiencing severe anxiety and emotional distress (which is normal given the circumstances), these feelings are directly reactive to an external trauma (the infidelity) and an immediate crisis (the suicide threat).
        *   The core psychological distress markers are linked to crisis management and relationship trauma, not the hallmark symptoms of a depressive episode (like persistent pervasive emptiness, loss of pleasure, or vegetative symptoms). Therefore, the classification leans heavily toward situational distress.

4.  **Final Binary Classification Determination:**
    *   The text is dominated by fear, anxiety, and acute crisis management. It does not meet the threshold for classifying the *speaker* as having primary clinical depression.

5.  **Format Output:** (Adhering strictly to the required format).","the provided text details an acute, high-stress, and deeply conflicted relational crisis. the speaker's current emotional state is characterized by intense anxiety, fear, and desperation regarding the threat of suicide from a third party (his wife). the emotional content is dominated by fear (of her death) and guilt/responsibility (the need to ""handle her death on my hands""), alongside lingering conflicted attachment (""i still love my wife but i cannot deal with getting cheated on again""). in terms of clinical markers, the speaker is demonstrating extreme worry and emotional turmoil, which points to severe situational distress. crucially, the text does not present the hallmark signs of clinical depression in the speaker, such as persistent anhedonia (inability to feel pleasure), chronic low mood unrelated to acute external stress, vegetative symptoms (sleep/appetite disturbances), or pervasive hopelessness. instead, the speaker is actively engaged in a crisis—he is spending days talking her out of suicide. his distress is reactive to an external, immediate threat. therefore, while the speaker is clearly experiencing significant mental anguish, the pattern is better classified as severe situational or crisis distress rather than primary depressive symptomatology.

non-depression"
